id,place_id,nombre,direccion,lat,lon,rating,num_reviews,google_maps_url,tipos,query_origen,barrio
001,ChIJUcItNvWaP44RRi9_rm9immw,Vapiano Colombia Restaurante Italiano,"Cra. 12a #83 - 11, Vapiano, Bogotá, Colombia",4.667606,-74.05413399999999,4.7,10053.0,https://maps.google.com/?cid=7825675534318120774&g_mp=Cidnb29nbGUubWFwcy5wbGFjZXMudjEuUGxhY2VzLlNlYXJjaFRleHQQAhgEIAA,"italian_restaurant, restaurant, point_of_interest, food, establishment",restaurante italiano Bogotá,Vapiano
002,ChIJv5caPvybP44RcRWTKtso-Fo,Storia D'Amore zona T,"Kr 13 #82-36, Bogotá, Colombia",4.667218699999999,-74.0546568,4.7,7987.0,https://maps.google.com/?cid=6555034179414988145&g_mp=Cidnb29nbGUubWFwcy5wbGFjZXMudjEuUGxhY2VzLlNlYXJjaFRleHQQAhgEIAA,"italian_restaurant, restaurant, point_of_interest, food, establishment",restaurante italiano Bogotá,
003,ChIJ1VnlNciaP44Ru2TfXEBki40,Seratta Gourmand | Restaurante de Alta Cocina,"Cra. 45 #114-44, Bogotá, Colombia",4.6983698,-74.05473719999999,4.6,6233.0,https://maps.google.com/?cid=10199356008709448891&g_mp=Cidnb29nbGUubWFwcy5wbGFjZXMudjEuUGxhY2VzLlNlYXJjaFRleHQQAhgEIAA,"restaurant, mediterranean_restaurant, italian_restaurant, grocery_store, spanish_restaurant, food_store, food, furniture_store, home_improvement_store, home_goods_store, point_of_interest, store, service, establishment",comida española Bogotá,
004,ChIJwZkN4lGaP44R-gt8kA3SbJA,Trattoria de la Plaza | 7 de agosto Bogotá,"Cl. 66 # 22-45 piso 2, Bogotá, Colombia",4.6566144,-74.070086,4.6,5292.0,https://maps.google.com/?cid=10406923794646830074&g_mp=Cidnb29nbGUubWFwcy5wbGFjZXMudjEuUGxhY2VzLlNlYXJjaFRleHQQAhgEIAA,"italian_restaurant, restaurant, point_of_interest, food, establishment",restaurante italiano Bogotá,
005,ChIJtfDZiJqZP44R-G_-QmrdkM0,Restaurante español Gaudí,"Cra. 4a #27-54, Santa Fé, Bogotá, Cundinamarca, Colombia",4.614387499999999,-74.0661466,4.6,4779.0,https://maps.google.com/?cid=14812582622881804280&g_mp=Cidnb29nbGUubWFwcy5wbGFjZXMudjEuUGxhY2VzLlNlYXJjaFRleHQQAhgEIAA,"spanish_restaurant, tapas_restaurant, mediterranean_restaurant, basque_restaurant, bar, event_venue, restaurant, food, point_of_interest, service, establishment",restaurante español Bogotá Colombia,Santa Fé
006,ChIJPTNkN9qbP44R2ncGzVOIvbE,Astoria Rooftop | The Best Rooftop in Colombia,"Salón 1, Ac. 85 #12-66 Piso 15, Bogotá, Colombia",4.6691044999999995,-74.0531802,4.5,4659.0,https://maps.google.com/?cid=12807542808814974938&g_mp=Cidnb29nbGUubWFwcy5wbGFjZXMudjEuUGxhY2VzLlNlYXJjaFRleHQQAhgEIAA,"bar_and_grill, western_restaurant, british_restaurant, fine_dining_restaurant, american_restaurant, bar, restaurant, food, event_venue, point_of_interest, establishment",mediterranean food Bogotá,Ac. 85 #12-66 Piso 15
007,ChIJ3dZCEKiaP44RLFKPH51bpg4,El Mediterráneo By Andrei,"Cl. 117 #6-09, Usaquén, Bogotá, Cundinamarca, Colombia",4.6939399,-74.03117619999999,4.6,4146.0,https://maps.google.com/?cid=1055631893062439468&g_mp=Cidnb29nbGUubWFwcy5wbGFjZXMudjEuUGxhY2VzLlNlYXJjaFRleHQQAhgEIAA,"mediterranean_restaurant, italian_restaurant, french_restaurant, restaurant, food, point_of_interest, establishment",restaurante mediterráneo Bogotá,Usaquén
008,ChIJSch52e-bP44Rc5gZcgXzROM,Piazza by Storia D'Amore Calle 93 Bogotá,"Cl. 93a #13A-21, Bogotá, Colombia",4.677162,-74.05020139999999,4.7,3704.0,https://maps.google.com/?cid=16376481349740632179&g_mp=Cidnb29nbGUubWFwcy5wbGFjZXMudjEuUGxhY2VzLlNlYXJjaFRleHQQAhgEIAA,"italian_restaurant, restaurant, point_of_interest, food, establishment",restaurante italiano Bogotá,
009,ChIJJ79ybpKaP44RkCO14Rz_XjQ,La Fabbrica,"Cra. 11a #93b-12, Bogotá, Colombia",4.6768091,-74.0472857,4.6,3322.0,https://maps.google.com/?cid=3773734037293966224&g_mp=Cidnb29nbGUubWFwcy5wbGFjZXMudjEuUGxhY2VzLlNlYXJjaFRleHQQAhgEIAA,"italian_restaurant, restaurant, point_of_interest, food, establishment",restaurante italiano Bogotá,
010,ChIJl0nMaYyaP44RySviL0RjmLA,Cacio & Pepe,"Cra. 11a #89 38, Bogotá, Colombia",4.6718074,-74.0491792,4.6,3205.0,https://maps.google.com/?cid=12725029891647613897&g_mp=Cidnb29nbGUubWFwcy5wbGFjZXMudjEuUGxhY2VzLlNlYXJjaFRleHQQAhgEIAA,"italian_restaurant, restaurant, point_of_interest, food, establishment",restaurante italiano Bogotá,
011,ChIJHUv5xa6bP44RKIOt-71J1vQ,La Taberna de Castilla (antes Barricas),"Cra. 15a #118-09, Bogotá, Colombia",4.6977511,-74.04404699999999,4.8,3088.0,https://maps.google.com/?cid=17642369670590595880&g_mp=Cidnb29nbGUubWFwcy5wbGFjZXMudjEuUGxhY2VzLlNlYXJjaFRleHQQAhgEIAA,"spanish_restaurant, restaurant, food, point_of_interest, establishment",restaurante español Bogotá Colombia,
012,ChIJIenjX0KaP44RKSHdw61ZAEQ,La Divina Comedia Trattoria,"Cl. 71 #5-83, Bogotá, Colombia",4.6535617,-74.054945,4.6,2592.0,https://maps.google.com/?cid=4900014997429362985&g_mp=Cidnb29nbGUubWFwcy5wbGFjZXMudjEuUGxhY2VzLlNlYXJjaFRleHQQAhgEIAA,"italian_restaurant, restaurant, point_of_interest, food, establishment",restaurante italiano Bogotá,
013,ChIJg1t3UkaaP44R6mom8PUwho4,Restaurante Navarra,"Ac 63 #11-61, Bogotá, Colombia",4.649219899999999,-74.06314619999999,4.2,2552.0,https://maps.google.com/?cid=10269949833119165162&g_mp=Cidnb29nbGUubWFwcy5wbGFjZXMudjEuUGxhY2VzLlNlYXJjaFRleHQQAhgEIAA,"spanish_restaurant, steak_house, restaurant, food, point_of_interest, establishment",restaurante español Bogotá Colombia,
014,ChIJlXEtXkGaP44RdnkB7BBpnbM,Bistecca e Vino Da Trattoria de la Plaza (Restaurante Zona G I Chapinero),"Cl. 69a #5 - 75, Chapinero, Bogotá, Cundinamarca, Colombia",4.651694,-74.0560139,4.7,2509.0,https://maps.google.com/?cid=12942616425532586358&g_mp=Cidnb29nbGUubWFwcy5wbGFjZXMudjEuUGxhY2VzLlNlYXJjaFRleHQQAhgEIAA,"restaurant, wine_bar, liquor_store, bar, italian_restaurant, store, food, point_of_interest, establishment",trattoria Bogotá,Chapinero
015,ChIJ5aQaMcOZP44RU0uPhTeEpzQ,Griego Rooftop | Crossover Rooftop & Nightclub in Bogotá,"Cl. 82 #12a - 35, Chapinero, Bogotá, Cundinamarca, Colombia",4.6683975,-74.0538024,4.8,2483.0,https://maps.google.com/?cid=3794146585081760595&g_mp=Cidnb29nbGUubWFwcy5wbGFjZXMudjEuUGxhY2VzLlNlYXJjaFRleHQQAhgEIAA,"gastropub, night_club, bar, association_or_organization, restaurant, food, point_of_interest, establishment",restaurante griego Bogotá,Chapinero
016,ChIJ2-SkgiyaP44RozZuVc4n6Go,Salonika,"Cra. 24 #41-22, Bogotá, Colombia",4.6317539,-74.0747392,4.6,2396.0,https://maps.google.com/?cid=7703450929767265955&g_mp=Cidnb29nbGUubWFwcy5wbGFjZXMudjEuUGxhY2VzLlNlYXJjaFRleHQQAhgEIAA,"greek_restaurant, restaurant, food, point_of_interest, establishment",restaurante griego Bogotá,
017,ChIJuf2JS4uaP44RAD6V3NrdE6U,Primi,"Kr 13 #85-85, Bogotá, Colombia",4.6702379999999994,-74.053262,4.6,2220.0,https://maps.google.com/?cid=11895094972888989184&g_mp=Cidnb29nbGUubWFwcy5wbGFjZXMudjEuUGxhY2VzLlNlYXJjaFRleHQQAhgEIAA,"italian_restaurant, restaurant, point_of_interest, food, establishment",restaurante italiano Bogotá,
018,ChIJr-kUlaeaP44RUSkTeO5MtRg,BEIRUT,"Cl. 117 #6-30, Usaquén, Bogotá, Cundinamarca, Colombia",4.6942593,-74.031362,4.5,1981.0,https://maps.google.com/?cid=1780413814795348305&g_mp=Cidnb29nbGUubWFwcy5wbGFjZXMudjEuUGxhY2VzLlNlYXJjaFRleHQQAhgEIAA,"lebanese_restaurant, restaurant, food, point_of_interest, establishment",mediterranean food Bogotá,Usaquén
019,ChIJExqx5jKbP44Rpn6fM06js9w,Santorini Rooftop,"salón 2, Calle 85 #12-66 Piso 15, Bogotá, Colombia",4.6690925,-74.05307789999999,4.5,1914.0,https://maps.google.com/?cid=15903234265444220582&g_mp=Cidnb29nbGUubWFwcy5wbGFjZXMudjEuUGxhY2VzLlNlYXJjaFRleHQQAhgEIAA,"restaurant, mediterranean_restaurant, bar, food, point_of_interest, establishment",mediterranean food Bogotá,Calle 85 #12-66 Piso 15
020,ChIJedCE-5CaP44RONFsVbZxyyU,Restaurante Pajares Salinas,"Cra 10 #96-8, Bogotá, Colombia",4.678815999999999,-74.0441266,4.7,1862.0,https://maps.google.com/?cid=2723395427606778168&g_mp=Cidnb29nbGUubWFwcy5wbGFjZXMudjEuUGxhY2VzLlNlYXJjaFRleHQQAhgEIAA,"spanish_restaurant, restaurant, food, point_of_interest, establishment",restaurante español Bogotá Colombia,
021,ChIJ6wTOUweQP44RSvo164qpKTk,Huerta Coctelería Artesanal,"Cra. 12a #83-64, Bogotá, Colombia",4.6679246,-74.05348959999999,4.5,1848.0,https://maps.google.com/?cid=4119009748323793482&g_mp=Cidnb29nbGUubWFwcy5wbGFjZXMudjEuUGxhY2VzLlNlYXJjaFRleHQQAhgEIAA,"bar, cocktail_bar, restaurant, food, point_of_interest, establishment",tapas bar Bogotá,
022,ChIJ7xrBaJqZP44R--xhhrF_t3E,La Tapería,"Passage Santa Cruz de Mompox, Cl. 27 Bis #6-51 local 1, Santa Fé, Bogotá, Cundinamarca, Colombia",4.614497,-74.0689202,4.5,1769.0,https://maps.google.com/?cid=8194158447464410363&g_mp=Cidnb29nbGUubWFwcy5wbGFjZXMudjEuUGxhY2VzLlNlYXJjaFRleHQQAhgEIAA,"spanish_restaurant, bar, restaurant, food, point_of_interest, establishment",restaurante español Bogotá Colombia,Santa Fé
023,ChIJe_ddEKiaP44RogiWn4scGKY,Restaurante Italia Artesana,"Cl. 119b #6a-18, Usaquén, Bogotá, Cundinamarca, Colombia",4.6963596999999995,-74.03083930000001,4.4,1739.0,https://maps.google.com/?cid=11968347395740534946&g_mp=Cidnb29nbGUubWFwcy5wbGFjZXMudjEuUGxhY2VzLlNlYXJjaFRleHQQAhgEIAA,"italian_restaurant, restaurant, food, point_of_interest, establishment",cocina italiana Bogotá,Usaquén
024,ChIJac7rHwiQP44R7rdMw6o9ZRA,Tasca La Puerta de Alcalá,"Cl. 118 #5-13, Bogotá, Colombia",4.6942869,-74.0300652,4.7,1514.0,https://maps.google.com/?cid=1181418280884942830&g_mp=Cidnb29nbGUubWFwcy5wbGFjZXMudjEuUGxhY2VzLlNlYXJjaFRleHQQAhgEIAA,"spanish_restaurant, tapas_restaurant, bar_and_grill, brewery, live_music_venue, bar, event_venue, manufacturer, restaurant, food_store, store, food, point_of_interest, service, establishment",restaurante español Bogotá Colombia,
025,ChIJjdbV92CaP44RtdVHqpBvzGg,San Giorgio Trattoria,"Cl. 81 #8-81, Chapinero, Bogotá, Cundinamarca, Colombia",4.6635913,-74.05150150000001,4.6,1467.0,https://maps.google.com/?cid=7551533342316287413&g_mp=Cidnb29nbGUubWFwcy5wbGFjZXMudjEuUGxhY2VzLlNlYXJjaFRleHQQAhgEIAA,"italian_restaurant, restaurant, point_of_interest, food, establishment",restaurante italiano Bogotá,Chapinero
026,ChIJFVfv6ECaP44RdEuBdHvII7s,Emilia Grace,"Cl. 65 #4a-51, Bogotá, Colombia",4.6481027,-74.05768789999999,4.6,1461.0,https://maps.google.com/?cid=13484842141838560116&g_mp=Cidnb29nbGUubWFwcy5wbGFjZXMudjEuUGxhY2VzLlNlYXJjaFRleHQQAhgEIAA,"restaurant, food, point_of_interest, establishment",restaurante griego Bogotá,
027,ChIJ2wrnXUGaP44RheUsY3qZGMo,M Cocina Árabe Bogotá,"Ak 7 #6739, Bogotá, Colombia",4.6512743,-74.0579715,4.7,1446.0,https://maps.google.com/?cid=14562558146031445381&g_mp=Cidnb29nbGUubWFwcy5wbGFjZXMudjEuUGxhY2VzLlNlYXJjaFRleHQQAhgEIAA,"middle_eastern_restaurant, restaurant, food, point_of_interest, establishment",mediterranean food Bogotá,
028,ChIJr-PY4VGaP44RqKfBRt_AVLc,Taperia de la Plaza,"Cl. 66 #22 - 39, Barrios Unidos, Bogotá, Cundinamarca, Colombia",4.6565674,-74.0699727,4.6,1351.0,https://maps.google.com/?cid=13210395672181843880&g_mp=Cidnb29nbGUubWFwcy5wbGFjZXMudjEuUGxhY2VzLlNlYXJjaFRleHQQAhgEIAA,"tapas_restaurant, spanish_restaurant, restaurant, food, point_of_interest, establishment",restaurante español Bogotá Colombia,Barrios Unidos
029,ChIJFZYLoDGbP44Rt1QDUp1ciag,IL NONNO Trattoria de Barrio,"Dg. 81g #76 b 03, Engativá, Bogotá, Cundinamarca, Colombia",4.699938599999999,-74.0926296,4.6,1281.0,https://maps.google.com/?cid=12144339700936823991&g_mp=Cidnb29nbGUubWFwcy5wbGFjZXMudjEuUGxhY2VzLlNlYXJjaFRleHQQAhgEIAA,"italian_restaurant, restaurant, food, point_of_interest, establishment",trattoria Bogotá,Engativá
030,ChIJlQbiMouaP44RquLN7CqLqpw,CASA,"Kr 13 #85 - 24, Bogotá, Colombia",4.669334,-74.053411,4.6,1233.0,https://maps.google.com/?cid=11288988432435372714&g_mp=Cidnb29nbGUubWFwcy5wbGFjZXMudjEuUGxhY2VzLlNlYXJjaFRleHQQAhgEIAA,"restaurant, food, point_of_interest, establishment",restaurante español Bogotá Colombia,
031,ChIJA8ZosIqaP44RVIxgTapDubw,Gyros & Kebab,"Kr 13 #82-28, Bogotá, Colombia",4.667123999999999,-74.05476829999999,4.4,1223.0,https://maps.google.com/?cid=13598974948543597652&g_mp=Cidnb29nbGUubWFwcy5wbGFjZXMudjEuUGxhY2VzLlNlYXJjaFRleHQQAhgEIAA,"lebanese_restaurant, middle_eastern_restaurant, restaurant, food, point_of_interest, establishment",restaurante griego Bogotá,
032,ChIJAw_AIZqZP44RuIPlUylBfKI,Tapas Macarena,"Cl. 26c #4a - 15, Bogotá, Colombia",4.6127433,-74.0667679,4.6,1195.0,https://maps.google.com/?cid=11708304777013461944&g_mp=Cidnb29nbGUubWFwcy5wbGFjZXMudjEuUGxhY2VzLlNlYXJjaFRleHQQAhgEIAA,"bar, restaurant, food, point_of_interest, establishment",restaurante español Bogotá Colombia,
033,ChIJe679SvWaP44RXskZ8OUvuvc,Luna,"Cl. 83 #12-20, Chapinero, Bogotá, Cundinamarca, Colombia",4.6673102,-74.0536279,4.6,1131.0,https://maps.google.com/?cid=17850632737658620254&g_mp=Cidnb29nbGUubWFwcy5wbGFjZXMudjEuUGxhY2VzLlNlYXJjaFRleHQQAhgEIAA,"italian_restaurant, fine_dining_restaurant, pizza_restaurant, cocktail_bar, family_restaurant, bar, restaurant, point_of_interest, food, establishment",restaurante italiano Bogotá,Chapinero
034,ChIJx-S1dumaP44RUFkYrGuR67k,Restaurante la Trattoria del Teatro,"Esquina Calle 95, Cra. 48, Bogotá, Colombia",4.683384,-74.06051219999999,4.7,1117.0,https://maps.google.com/?cid=13396961408178477392&g_mp=Cidnb29nbGUubWFwcy5wbGFjZXMudjEuUGxhY2VzLlNlYXJjaFRleHQQAhgEIAA,"italian_restaurant, pizza_restaurant, bar_and_grill, bar, restaurant, point_of_interest, food, establishment",restaurante italiano Bogotá,Cra. 48
035,ChIJz_tRNPWaP44RHSQyzJ_j_v8,Isola Trattoria Bar,"Cra. 12a #83 - 30, Bogotá, Colombia",4.6676151,-74.0538122,4.4,1088.0,https://maps.google.com/?cid=18446431399221273629&g_mp=Cidnb29nbGUubWFwcy5wbGFjZXMudjEuUGxhY2VzLlNlYXJjaFRleHQQAhgEIAA,"restaurant, point_of_interest, food, establishment",restaurante italiano Bogotá,
036,ChIJ18sJSvWaP44Ru_mGQJangJU,PRAVDA,"Cra. 12a #83-10, Chapinero, Bogotá, Cundinamarca, Colombia",4.667441,-74.05382100000001,4.5,929.0,https://maps.google.com/?cid=10772794572439747003&g_mp=Cidnb29nbGUubWFwcy5wbGFjZXMudjEuUGxhY2VzLlNlYXJjaFRleHQQAhgEIAA,"bar_and_grill, hamburger_restaurant, cocktail_bar, chicken_restaurant, brunch_restaurant, coffee_shop, cafe, american_restaurant, bar, food_store, restaurant, food, store, point_of_interest, establishment",tapas bar Bogotá,Chapinero
037,ChIJlyz454-bP44RU8dtJOXMqes,Central Paellera - Paella A Domicilio,"Tv. 85 #63c-14, Bogotá, Colombia",4.6827732,-74.1112199,4.8,921.0,https://maps.google.com/?cid=16981329154507917139&g_mp=Cidnb29nbGUubWFwcy5wbGFjZXMudjEuUGxhY2VzLlNlYXJjaFRleHQQAhgEIAA,"spanish_restaurant, restaurant, food, point_of_interest, establishment",restaurante español Bogotá Colombia,
038,ChIJwX-o6LCbP44RTlqSX9pN4q4,Via del cuore,"Kr 13 #83 52, Bogotá, Colombia",4.6680867,-74.05413109999999,4.8,911.0,https://maps.google.com/?cid=12601720307637705294&g_mp=Cidnb29nbGUubWFwcy5wbGFjZXMudjEuUGxhY2VzLlNlYXJjaFRleHQQAhgEIAA,"italian_restaurant, restaurant, point_of_interest, food, establishment",restaurante italiano Bogotá,
039,ChIJM4mDk2CaP44R3UVcr7LWTi0,IL Tinello,"Cl. 79b #8-61, Bogotá, Colombia",4.6625095,-74.052127,4.6,882.0,https://maps.google.com/?cid=3264782842824771037&g_mp=Cidnb29nbGUubWFwcy5wbGFjZXMudjEuUGxhY2VzLlNlYXJjaFRleHQQAhgEIAA,"italian_restaurant, restaurant, point_of_interest, food, establishment",restaurante italiano Bogotá,
040,ChIJ6wzlBDSbP44R80yUfn3jTW8,Todo Es Color Di Rosa | Restaurante Italiano,"Cl. 81 #13-05, Chapinero, Bogotá, Cundinamarca, Colombia",4.666121899999999,-74.05582559999999,4.5,814.0,https://maps.google.com/?cid=8020316639550786803&g_mp=Cidnb29nbGUubWFwcy5wbGFjZXMudjEuUGxhY2VzLlNlYXJjaFRleHQQAhgEIAA,"restaurant, gastropub, bar, point_of_interest, food, establishment",restaurante italiano Bogotá,Chapinero
041,ChIJMWlBSR6bP44RfmuO_TrJ0fk,"La Vita è Bella, Cucina e Bar - Restaurante Italiano en Bogotá -","Av 19 con calle 100-52, Usaquén, Bogotá, Cundinamarca, Colombia",4.686848800000001,-74.0516913,4.5,790.0,https://maps.google.com/?cid=18001390440775838590&g_mp=Cidnb29nbGUubWFwcy5wbGFjZXMudjEuUGxhY2VzLlNlYXJjaFRleHQQAhgEIAA,"italian_restaurant, pizza_restaurant, noodle_shop, meal_takeaway, restaurant, point_of_interest, food, establishment",restaurante italiano Bogotá,Usaquén
042,ChIJ4-0ZRpqbP44RkXFEAqz8XWI,Pimento Cucina Italiana & Brunch en Salitre,"Av. El Dorado #69B-53, Bogotá, Colombia",4.6596043,-74.1083943,4.5,782.0,https://maps.google.com/?cid=7088099204253643153&g_mp=Cidnb29nbGUubWFwcy5wbGFjZXMudjEuUGxhY2VzLlNlYXJjaFRleHQQAhgEIAA,"italian_restaurant, restaurant, point_of_interest, food, establishment",restaurante italiano Bogotá,
043,ChIJiRMPNQCbP44RXict9d0wUfQ,Maldita Primavera | Restaurante Español,"Ak 7 #120 #20, Usaquén, Bogotá, Cundinamarca, Colombia",4.6967935,-74.0306234,4.5,770.0,https://maps.google.com/?cid=17604906148227262302&g_mp=Cidnb29nbGUubWFwcy5wbGFjZXMudjEuUGxhY2VzLlNlYXJjaFRleHQQAhgEIAA,"spanish_restaurant, restaurant, food, point_of_interest, establishment",restaurante español Bogotá Colombia,Usaquén
044,ChIJpbK5SiCbP44RHbatZUyssMw,El Bardo - Bar & Mediterranean Grill | Zona G,"Cl. 69a #5-59, Bogotá, Colombia",4.6515539,-74.0558533,4.5,720.0,https://maps.google.com/?cid=14749478223761749533&g_mp=Cidnb29nbGUubWFwcy5wbGFjZXMudjEuUGxhY2VzLlNlYXJjaFRleHQQAhgEIAA,"mediterranean_restaurant, greek_restaurant, gastropub, bar_and_grill, lebanese_restaurant, israeli_restaurant, middle_eastern_restaurant, cocktail_bar, bar, restaurant, food, point_of_interest, establishment",restaurante griego Bogotá,
045,ChIJf-CbPOubP44RCeryPrwpk8o,Momentino Wine Bar,"Cl. 61 #5-30, Chapinero, Bogotá, Cundinamarca, Colombia",4.6459816,-74.05986730000001,4.9,682.0,https://maps.google.com/?cid=14597056705724606985&g_mp=Cidnb29nbGUubWFwcy5wbGFjZXMudjEuUGxhY2VzLlNlYXJjaFRleHQQAhgEIAA,"wine_bar, tapas_restaurant, winery, bar, restaurant, food, manufacturer, farm, point_of_interest, service, establishment",tapas bar Bogotá,Chapinero
046,ChIJXxT_FimbP44Rdv9HXlYLopA,Trattoria Napoles,"Cl. 44 #53-20, Bogotá, Colombia",4.6445492999999995,-74.0915924,4.6,580.0,https://maps.google.com/?cid=10421904953265618806&g_mp=Cidnb29nbGUubWFwcy5wbGFjZXMudjEuUGxhY2VzLlNlYXJjaFRleHQQAhgEIAA,"italian_restaurant, restaurant, food, point_of_interest, establishment",trattoria Bogotá,
047,ChIJiU7rykOaP44RFiIe1Ef2Ah0,Castanyoles,"Cl. 69a #6-24, Chapinero, Bogotá, Cundinamarca, Colombia",4.6521541,-74.0562301,4.5,579.0,https://maps.google.com/?cid=2090503965415186966&g_mp=Cidnb29nbGUubWFwcy5wbGFjZXMudjEuUGxhY2VzLlNlYXJjaFRleHQQAhgEIAA,"tapas_restaurant, mediterranean_restaurant, lounge_bar, breakfast_restaurant, night_club, spanish_restaurant, bar, restaurant, food, point_of_interest, establishment",restaurante español Bogotá Colombia,Chapinero
048,ChIJl0XM1EGFP44RpnR-WvMrTBc,Carnaby Street Pasaje Gastronomico,"Cl. 140 #13-62, Usaquén, Bogotá, Cundinamarca, Colombia",4.7213077,-74.04056179999999,4.6,569.0,https://maps.google.com/?cid=1678765085297636518&g_mp=Cidnb29nbGUubWFwcy5wbGFjZXMudjEuUGxhY2VzLlNlYXJjaFRleHQQAhgEIAA,"restaurant, point_of_interest, food, establishment",greek street food Bogotá,Usaquén
049,ChIJ6-DVdbKbP44Rm8KRaSBbink,Halal carnes y restaurante,"Ak 15 # 104-10, Usaquén, Bogotá, Cundinamarca, Colombia",4.6889023,-74.04667859999999,4.4,556.0,https://maps.google.com/?cid=8757912620143592091&g_mp=Cidnb29nbGUubWFwcy5wbGFjZXMudjEuUGxhY2VzLlNlYXJjaFRleHQQAhgEIAA,"restaurant, food, point_of_interest, establishment",mediterranean food Bogotá,Usaquén
050,ChIJSfd-wz-bP44R5WM_4RbLMds,El Libanés,"Ac. 85 #12 - 71 LOCAL 1, Chapinero, Bogotá, Cundinamarca, Colombia",4.6688145,-74.0534461,4.3,376.0,https://maps.google.com/?cid=15794628667293787109&g_mp=Cidnb29nbGUubWFwcy5wbGFjZXMudjEuUGxhY2VzLlNlYXJjaFRleHQQAhgEIAA,"lebanese_restaurant, restaurant, food, point_of_interest, establishment",mediterranean food Bogotá,Chapinero
051,ChIJxycAg1ibP44RlFzpN3sq3T4,Blu Asher Trattoria,"Cra. 16a #8530, Bogotá, Colombia",4.6709713,-74.0561536,4.6,351.0,https://maps.google.com/?cid=4529823508911971476&g_mp=Cidnb29nbGUubWFwcy5wbGFjZXMudjEuUGxhY2VzLlNlYXJjaFRleHQQAhgEIAA,"italian_restaurant, restaurant, food, point_of_interest, establishment",trattoria Bogotá,
052,ChIJdRmf3KuFP44RBm-hEm9J408,Diestro Restaurante,"Cl. 140 #18a 27 local 3, Bogotá, Colombia",4.7230886,-74.045861,4.7,325.0,https://maps.google.com/?cid=5756525490112392966&g_mp=Cidnb29nbGUubWFwcy5wbGFjZXMudjEuUGxhY2VzLlNlYXJjaFRleHQQAhgEIAA,"spanish_restaurant, restaurant, food, point_of_interest, establishment",restaurante español Bogotá Colombia,
053,ChIJJYXBnK2bP44Ri1rUG6vZ57A,5 & Quince Honesto y Español,"Cl. 93a #12-35, Chapinero, Bogotá, Cundinamarca, Colombia",4.6764163,-74.0488357,4.5,322.0,https://maps.google.com/?cid=12747396599225014923&g_mp=Cidnb29nbGUubWFwcy5wbGFjZXMudjEuUGxhY2VzLlNlYXJjaFRleHQQAhgEIAA,"spanish_restaurant, restaurant, food, point_of_interest, establishment",restaurante español Bogotá Colombia,Chapinero
054,ChIJY3nEGQCbP44ROLln06UJOew,Restaurante Cecilia,"Cl. 117 #6a-60, Usaquén, Bogotá, Cundinamarca, Colombia",4.6946344,-74.03217510000002,4.4,317.0,https://maps.google.com/?cid=17021646874444544312&g_mp=Cidnb29nbGUubWFwcy5wbGFjZXMudjEuUGxhY2VzLlNlYXJjaFRleHQQAhgEIAA,"italian_restaurant, restaurant, food, point_of_interest, establishment",cocina italiana Bogotá,Usaquén
055,ChIJaUC-b7eaP44RldDzplFUSFw,Restaurante Teo Estiatorio,"Cra 19 #114-6, Bogotá, Colombia",4.696780800000001,-74.04998979999999,4.5,302.0,https://maps.google.com/?cid=6649657559482618005&g_mp=Cidnb29nbGUubWFwcy5wbGFjZXMudjEuUGxhY2VzLlNlYXJjaFRleHQQAhgEIAA,"greek_restaurant, restaurant, food, point_of_interest, establishment",restaurante griego Bogotá,
056,ChIJKYWN6LubP44REuGyB1Ro8_c,HaMakom • המקום,"Cl. 83 #12-26, Bogotá, Colombia",4.6673443,-74.05367319999999,4.3,293.0,https://maps.google.com/?cid=17866738856824594706&g_mp=Cidnb29nbGUubWFwcy5wbGFjZXMudjEuUGxhY2VzLlNlYXJjaFRleHQQAhgEIAA,"falafel_restaurant, fast_food_restaurant, mediterranean_restaurant, shawarma_restaurant, dessert_restaurant, middle_eastern_restaurant, family_restaurant, restaurant, food, point_of_interest, establishment",mediterranean food Bogotá,
057,ChIJy9yNPiebP44RwLTZQSnYMNo,Hijo de Pita,"Calle 43 # 19-18 Bogota, Teusaquillo, Bogotá, Cundinamarca, Colombia",4.631829499999999,-74.0724247,4.9,282.0,https://maps.google.com/?cid=15722303970860446912&g_mp=Cidnb29nbGUubWFwcy5wbGFjZXMudjEuUGxhY2VzLlNlYXJjaFRleHQQAhgEIAA,"restaurant, point_of_interest, food, establishment",greek street food Bogotá,Teusaquillo
058,ChIJWWtxjYibP44RPbHn1sn72m8,Lorenzo Gyros Rosales,"Cra. 4 # 69-25, Chapinero, Bogotá, Cundinamarca, Colombia",4.6506739,-74.054591,4.4,282.0,https://maps.google.com/?cid=8060031327445430589&g_mp=Cidnb29nbGUubWFwcy5wbGFjZXMudjEuUGxhY2VzLlNlYXJjaFRleHQQAhgEIAA,"greek_restaurant, restaurant, food, point_of_interest, establishment",restaurante griego Bogotá,Chapinero
059,ChIJk61OjR-bP44RsXXZ-uV1Ido,Naous Aegean Bistro,"Cra. 10a #69-16, Bogotá, Colombia",4.6536593,-74.06017609999999,4.5,263.0,https://maps.google.com/?cid=15717973805116257713&g_mp=Cidnb29nbGUubWFwcy5wbGFjZXMudjEuUGxhY2VzLlNlYXJjaFRleHQQAhgEIAA,"restaurant, greek_restaurant, food, point_of_interest, establishment",restaurante griego Bogotá,
060,ChIJ32ndupybP44RdWAcKw-hTf4,Brunetta Pizzería Trattoría Calle 109,"Cl. 109 # 15 - 85, Usaquén, Bogotá, Cundinamarca, Colombia",4.6929989999999995,-74.04616779999999,4.2,261.0,https://maps.google.com/?cid=18324479545360277621&g_mp=Cidnb29nbGUubWFwcy5wbGFjZXMudjEuUGxhY2VzLlNlYXJjaFRleHQQAhgEIAA,"pizza_restaurant, pizza_delivery, meal_delivery, meal_takeaway, italian_restaurant, food_delivery, restaurant, food, point_of_interest, establishment",trattoria Bogotá,Usaquén
061,ChIJBXfGfEKaP44RllSxUfYBEnc,Bar De Tapas,"Ak 7 #72-74, Bogotá, Colombia",4.6560704,-74.05458519999999,4.5,242.0,https://maps.google.com/?cid=8579922397538374806&g_mp=Cidnb29nbGUubWFwcy5wbGFjZXMudjEuUGxhY2VzLlNlYXJjaFRleHQQAhgEIAA,"bar, restaurant, food, point_of_interest, establishment",restaurante español Bogotá Colombia,
062,ChIJVdG9fXebP44RW3BbDexiId0,Salonika Usaquen (Gyradiko),"Cl. 117 #6a-61, Usaquén, Bogotá, Cundinamarca, Colombia",4.6944631,-74.0323533,4.6,236.0,https://maps.google.com/?cid=15934125722589425755&g_mp=Cidnb29nbGUubWFwcy5wbGFjZXMudjEuUGxhY2VzLlNlYXJjaFRleHQQAhgEIAA,"restaurant, food, point_of_interest, establishment",restaurante griego Bogotá,Usaquén
063,ChIJgcYOi5SaP44RAKuxaVasMs8,Casa Pepe Restaurante,"Cra. 12 #97-04, Bogotá, Colombia",4.681032399999999,-74.0463985,4.5,229.0,https://maps.google.com/?cid=14930185201827031808&g_mp=Cidnb29nbGUubWFwcy5wbGFjZXMudjEuUGxhY2VzLlNlYXJjaFRleHQQAhgEIAA,"spanish_restaurant, restaurant, food, point_of_interest, establishment",restaurante español Bogotá Colombia,
064,ChIJGZM0vIybP44RLMoYjy0dmAQ,Tapas Chapinero,"Cl. 56 #5 - 21, Chapinero, Bogotá, Cundinamarca, Colombia",4.6416644,-74.06139329999999,4.6,228.0,https://maps.google.com/?cid=331046654123231788&g_mp=Cidnb29nbGUubWFwcy5wbGFjZXMudjEuUGxhY2VzLlNlYXJjaFRleHQQAhgEIAA,"gastropub, bar, restaurant, food, point_of_interest, establishment",restaurante español Bogotá Colombia,Chapinero
065,ChIJNaenqo-ZP44R0B1GhZr9UWo,"Gitano, Bodega de barrio","Cl. 37 #24-11, Bogotá, Colombia",4.6265249,-74.0756387,4.8,176.0,https://maps.google.com/?cid=7661183281236680144&g_mp=Cidnb29nbGUubWFwcy5wbGFjZXMudjEuUGxhY2VzLlNlYXJjaFRleHQQAhgEIAA,"wine_bar, bar, food, point_of_interest, establishment",tapas bar Bogotá,
066,ChIJndEoTACbP44RJ2gw9I2EyeU,Pylio Pastelería Griega,"Tv. 3C #52a-33, Bogotá, Colombia",4.638228100000001,-74.06109579999999,4.6,172.0,https://maps.google.com/?cid=16557911250226407463&g_mp=Cidnb29nbGUubWFwcy5wbGFjZXMudjEuUGxhY2VzLlNlYXJjaFRleHQQAhgEIAA,"pastry_shop, coffee_shop, dessert_shop, bakery, confectionery, cafe, food_store, store, food, point_of_interest, establishment",restaurante griego Bogotá,
067,ChIJfxtgMvqbP44RlQgbnTckENc,Trattoria La Divina Comedia,"Ac 116 #15-71 2do piso, Bogotá, Colombia",4.6963846,-74.04430359999999,4.2,171.0,https://maps.google.com/?cid=15496926139059472533&g_mp=Cidnb29nbGUubWFwcy5wbGFjZXMudjEuUGxhY2VzLlNlYXJjaFRleHQQAhgEIAA,"italian_restaurant, restaurant, point_of_interest, food, establishment",restaurante italiano Bogotá,
068,ChIJA3TVj9KbP44RHUJHnKSsHvA,Gastrobar Vitapas,"Cl. 94a #11a-90, Bogotá, Colombia",4.679174,-74.0478317,4.6,163.0,https://maps.google.com/?cid=17302456641400554013&g_mp=Cidnb29nbGUubWFwcy5wbGFjZXMudjEuUGxhY2VzLlNlYXJjaFRleHQQAhgEIAA,"restaurant, food, point_of_interest, establishment",restaurante español Bogotá Colombia,
069,ChIJVWolOY-bP44RTdgAr46uQZU,De Puchero Español,"Cl. 78 #12-49, Bogotá, Colombia",4.6634994,-74.0560264,4.7,154.0,https://maps.google.com/?cid=10755069312982112333&g_mp=Cidnb29nbGUubWFwcy5wbGFjZXMudjEuUGxhY2VzLlNlYXJjaFRleHQQAhgEIAA,"spanish_restaurant, restaurant, food, point_of_interest, establishment",restaurante español Bogotá Colombia,
070,ChIJO_Uf8BibP44RYpv8IW_cAFs,Loreto Cocina Italiana,"Cra. 14 #93B - 14 Local 103, Bogotá, Colombia",4.6782721,-74.0499201,4.9,153.0,https://maps.google.com/?cid=6557483427321125730&g_mp=Cidnb29nbGUubWFwcy5wbGFjZXMudjEuUGxhY2VzLlNlYXJjaFRleHQQAhgEIAA,"italian_restaurant, restaurant, point_of_interest, food, establishment",restaurante italiano Bogotá,
071,ChIJedvsk-KbP44RG-rMc_cQDIM,La Arrozzería,"Cl. 122 # 11b -65, Usaquén, Bogotá, Cundinamarca, Colombia",4.7005984,-74.037042,4.9,147.0,https://maps.google.com/?cid=9442941173674863131&g_mp=Cidnb29nbGUubWFwcy5wbGFjZXMudjEuUGxhY2VzLlNlYXJjaFRleHQQAhgEIAA,"meal_delivery, food_delivery, spanish_restaurant, restaurant, food, point_of_interest, establishment",comida española Bogotá,Usaquén
072,ChIJMzfGRf-aP44RduVYi9AIP3I,Sabores de España,"Cra. 29b #72, Bogotá, Colombia",4.6674096,-74.0719411,4.5,144.0,https://maps.google.com/?cid=8232308335640634742&g_mp=Cidnb29nbGUubWFwcy5wbGFjZXMudjEuUGxhY2VzLlNlYXJjaFRleHQQAhgEIAA,"spanish_restaurant, restaurant, food, point_of_interest, establishment",spanish cuisine Bogotá,
073,ChIJU2TVxdWbP44Rd2RyOL9ZaUI,Ellinika,"Bogotá, Colombia",4.6511133,-74.1060759,3.3,138.0,https://maps.google.com/?cid=4785454756878509175&g_mp=Cidnb29nbGUubWFwcy5wbGFjZXMudjEuUGxhY2VzLlNlYXJjaFRleHQQAhgEIAA,"greek_restaurant, restaurant, food, point_of_interest, establishment",restaurante griego Bogotá,
074,ChIJgWTzGhWbP44R98SEuecApEE,El Griego Chapinero,"Cl. 64 #8-06, Chapinero, Bogotá, Cundinamarca, Colombia",4.649273,-74.0606581,4.4,133.0,https://maps.google.com/?cid=4729906503895794935&g_mp=Cidnb29nbGUubWFwcy5wbGFjZXMudjEuUGxhY2VzLlNlYXJjaFRleHQQAhgEIAA,"restaurant, greek_restaurant, food, point_of_interest, establishment",restaurante griego Bogotá,Chapinero
075,ChIJ6achMtiZP44R6swV7wH2CsI,Tapas y Paellas,"Cra. 4a #26C-23, Bogotá, Colombia",4.6130631,-74.06663069999999,3.8,126.0,https://maps.google.com/?cid=13982258481291709674&g_mp=Cidnb29nbGUubWFwcy5wbGFjZXMudjEuUGxhY2VzLlNlYXJjaFRleHQQAhgEIAA,"tapas_restaurant, restaurant, food, point_of_interest, establishment",spanish cuisine Bogotá,
076,ChIJNYsMfwCbP44RRx2YZqQP9-g,Compà sapori italiani,"Cl 93b #13-91 local 3, Bogotá, Colombia",4.6780191,-74.0500933,4.9,118.0,https://maps.google.com/?cid=16786903334817111367&g_mp=Cidnb29nbGUubWFwcy5wbGFjZXMudjEuUGxhY2VzLlNlYXJjaFRleHQQAhgEIAA,"italian_restaurant, restaurant, point_of_interest, food, establishment",restaurante italiano Bogotá,
077,ChIJy4ZTVTmbP44ROHmd4x0tzDo,Apolo Greek Street,"Cra. 6 #69a - 23, Rosales, Bogotá, Colombia",4.6521447,-74.05586939999999,4.1,117.0,https://maps.google.com/?cid=4236810955844843832&g_mp=Cidnb29nbGUubWFwcy5wbGFjZXMudjEuUGxhY2VzLlNlYXJjaFRleHQQAhgEIAA,"gyro_restaurant, restaurant, point_of_interest, food, establishment",greek street food Bogotá,Rosales
078,ChIJQ06tpIqbP44RXsA7i8xk3CE,Trattoria Sole Rosso,"Av Ciudad de Cali #55A-75 Tercer piso, local L3-295, Bogotá, Colombia",4.6827955999999995,-74.1160932,4.3,98.0,https://maps.google.com/?cid=2439935927800021086&g_mp=Cidnb29nbGUubWFwcy5wbGFjZXMudjEuUGxhY2VzLlNlYXJjaFRleHQQAhgEIAA,"restaurant, food, point_of_interest, establishment",trattoria Bogotá,local L3-295
079,ChIJKRobD-WbP44R-3V0aY0H5a0,Bulería,"Cl. 93 #11-19, Bogotá, Colombia",4.6742881,-74.0480508,4.7,87.0,https://maps.google.com/?cid=12530429842169296379&g_mp=Cidnb29nbGUubWFwcy5wbGFjZXMudjEuUGxhY2VzLlNlYXJjaFRleHQQAhgEIAA,"spanish_restaurant, restaurant, food, point_of_interest, establishment",restaurante español Bogotá Colombia,
080,ChIJ2yC5ufKZP44R-Bzhr10pPyU,La trattoria del centro,"OFICINA PRINCIPAL MONTENEGRO FACILISIMO, Cra. 5 #15-22, Santa Fé, MONTENEGRO, Bogotá, Quindío, Colombia",4.6009236,-74.07176849999999,3.9,85.0,https://maps.google.com/?cid=2683909385295568120&g_mp=Cidnb29nbGUubWFwcy5wbGFjZXMudjEuUGxhY2VzLlNlYXJjaFRleHQQAhgEIAA,"italian_restaurant, restaurant, food, point_of_interest, establishment",trattoria Bogotá,MONTENEGRO
081,ChIJAe4G2XibP44ROO63-0S92oY,Café del Este - Restaurante Mediterraneo,"Cl. 81a #8 - 31, Bogotá, Colombia",4.6637691,-74.0507528,4.4,83.0,https://maps.google.com/?cid=9717287249983827512&g_mp=Cidnb29nbGUubWFwcy5wbGFjZXMudjEuUGxhY2VzLlNlYXJjaFRleHQQAhgEIAA,"mediterranean_restaurant, snack_bar, meal_takeaway, coffee_shop, cafe, food_store, store, restaurant, food, point_of_interest, establishment",mediterranean food Bogotá,
082,ChIJY2dli3GFP44Rhh11FyjXe1U,Lorenzo Gyros Colina,"Cra. 58d #146-51, Bogotá, Colombia",4.7329452,-74.06636309999999,2.9,82.0,https://maps.google.com/?cid=6159753482551500166&g_mp=Cidnb29nbGUubWFwcy5wbGFjZXMudjEuUGxhY2VzLlNlYXJjaFRleHQQAhgEIAA,"greek_restaurant, turkish_restaurant, restaurant, food, point_of_interest, establishment",restaurante griego Bogotá,
083,ChIJs0-_MQCbP44ROS0NUJEY62U,Bahbah,"Cl. 82 #14-32, Chapinero, Bogotá, Cundinamarca, Colombia",4.667535,-74.055781,4.5,81.0,https://maps.google.com/?cid=7343990629750091065&g_mp=Cidnb29nbGUubWFwcy5wbGFjZXMudjEuUGxhY2VzLlNlYXJjaFRleHQQAhgEIAA,"restaurant, colombian_restaurant, mexican_restaurant, bar, food, point_of_interest, establishment",mediterranean food Bogotá,Chapinero
084,ChIJD2faxh2bP44RUL2ohzjbbvg,LA TRATTORIA DEL BARRIO,"Cl. 75 #20c-89, Bogotá, Colombia",4.6645293,-74.0638546,4.5,76.0,https://maps.google.com/?cid=17901486604684934480&g_mp=Cidnb29nbGUubWFwcy5wbGFjZXMudjEuUGxhY2VzLlNlYXJjaFRleHQQAhgEIAA,"restaurant, bar, food, point_of_interest, establishment",trattoria Bogotá,
085,ChIJEf_NMX6fP44RoxH_yFsqkYw,La piitería,"110841, Bogotá, Colombia",4.6126236,-74.15196890000001,4.9,74.0,https://maps.google.com/?cid=10128923610635506083&g_mp=Cidnb29nbGUubWFwcy5wbGFjZXMudjEuUGxhY2VzLlNlYXJjaFRleHQQAhgEIAA,"fast_food_restaurant, restaurant, point_of_interest, food, establishment",greek street food Bogotá,
086,ChIJ7QlQFDWbP44R6mHqPLZck2s,Filiká Cocina Griega - Zona G,"Cl. 68 #6 - 39, Bogotá, Colombia",4.6509021,-74.0573912,4.6,73.0,https://maps.google.com/?cid=7751641321410552298&g_mp=Cidnb29nbGUubWFwcy5wbGFjZXMudjEuUGxhY2VzLlNlYXJjaFRleHQQAhgEIAA,"greek_restaurant, restaurant, food, point_of_interest, establishment",restaurante griego Bogotá,
087,ChIJl5bjz6GbP44RskCWoqroMOM,Au Zaatar,"Centro comercial, local 202, Usaquén, Bogotá, Colombia",4.6932084,-74.03212239999999,4.5,70.0,https://maps.google.com/?cid=16370840465061593266&g_mp=Cidnb29nbGUubWFwcy5wbGFjZXMudjEuUGxhY2VzLlNlYXJjaFRleHQQAhgEIAA,"lebanese_restaurant, restaurant, food, point_of_interest, establishment",mediterranean food Bogotá,Usaquén
088,ChIJw16ct42ZP44Rga40cTgz2Ms,La cala tapas y cañas,"Cra. 5 # 18 - 32, Bogotá, Colombia",4.603744799999999,-74.0704197,4.5,63.0,https://maps.google.com/?cid=14688546502179335809&g_mp=Cidnb29nbGUubWFwcy5wbGFjZXMudjEuUGxhY2VzLlNlYXJjaFRleHQQAhgEIAA,"bar, point_of_interest, establishment",tapas bar Bogotá,
089,ChIJ87xdeQubP44RXfL2btLGhE4,CON ALMA Trattoria Café - Bogotá,"Cl. 90 #12-40, Bogotá, Colombia",4.6732285,-74.0504242,4.3,58.0,https://maps.google.com/?cid=5657865638991295069&g_mp=Cidnb29nbGUubWFwcy5wbGFjZXMudjEuUGxhY2VzLlNlYXJjaFRleHQQAhgEIAA,"italian_restaurant, grocery_store, food_store, store, restaurant, food, point_of_interest, establishment",trattoria Bogotá,
090,ChIJhby8dZqZP44R5VBassF6Pws,Rincón Casa de la Paella,"Cl. 26d #4-05, Santa Fé, Bogotá, Cundinamarca, Colombia",4.6132199,-74.0660244,4.8,37.0,https://maps.google.com/?cid=810501430289518821&g_mp=Cidnb29nbGUubWFwcy5wbGFjZXMudjEuUGxhY2VzLlNlYXJjaFRleHQQAhgEIAA,"spanish_restaurant, restaurant, food, point_of_interest, establishment",spanish cuisine Bogotá,Santa Fé
091,ChIJv69-4LaaP44RQfxVgsVzONo,One Sixteen 116 Restaurante,"Ac 116 #18 B-60, Usaquén, Bogotá, Colombia",4.6987138,-74.0491146,4.4,36.0,https://maps.google.com/?cid=15724445391096511553&g_mp=Cidnb29nbGUubWFwcy5wbGFjZXMudjEuUGxhY2VzLlNlYXJjaFRleHQQAhgEIAA,"restaurant, food, point_of_interest, establishment",trattoria Bogotá,Usaquén
092,ChIJM2cGsjubP44RrNf59R_Pb78,Filiká Cocina Griega - Parque 93,"Cl 93b #13 - 65, Bogotá, Colombia",4.6779837,-74.0498759,4.4,28.0,https://maps.google.com/?cid=13794471919836845996&g_mp=Cidnb29nbGUubWFwcy5wbGFjZXMudjEuUGxhY2VzLlNlYXJjaFRleHQQAhgEIAA,"greek_restaurant, restaurant, food, point_of_interest, establishment",restaurante griego Bogotá,
093,ChIJqeyrR1iZP44R1qKTbjZRdNA,Greko,"Cl. 12b #0-57, La Candelaria, Bogotá, Colombia",4.596513,-74.06920889999999,5.0,27.0,https://maps.google.com/?cid=15020719951412699862&g_mp=Cidnb29nbGUubWFwcy5wbGFjZXMudjEuUGxhY2VzLlNlYXJjaFRleHQQAhgEIAA,"restaurant, food, point_of_interest, establishment",cocina griega Bogotá,La Candelaria
094,ChIJl4zvYgCFP44RSvjyv8igrS0,Dionysos Cocina Griega,"Centro Comercial Santafé, Cl. 185, Bogotá, Colombia",4.7624563,-74.04653619999999,2.5,16.0,https://maps.google.com/?cid=3291463686751975498&g_mp=Cidnb29nbGUubWFwcy5wbGFjZXMudjEuUGxhY2VzLlNlYXJjaFRleHQQAhgEIAA,"greek_restaurant, restaurant, food, point_of_interest, establishment",cocina griega Bogotá,Cl. 185
095,ChIJeZ92ZkabP44Rg0bdYdfG0KM,Tapeo Casa República,"Ac. 85 #7 - 74, Bogotá, Colombia",4.6661192,-74.04764589999999,4.2,15.0,https://maps.google.com/?cid=11804153251700229763&g_mp=Cidnb29nbGUubWFwcy5wbGFjZXMudjEuUGxhY2VzLlNlYXJjaFRleHQQAhgEIAA,"gastropub, bar, restaurant, food, point_of_interest, establishment",tapas bar Bogotá,
096,ChIJe-9XtBubP44RGPo79ytv948,MYTHOS Greek Frozen Yogurt Bogotá,"Cl. 122 #17A-89, Usaquén, Bogotá, Cundinamarca, Colombia",4.7012428,-74.0469395,4.7,12.0,https://maps.google.com/?cid=10373882501293406744&g_mp=Cidnb29nbGUubWFwcy5wbGFjZXMudjEuUGxhY2VzLlNlYXJjaFRleHQQAhgEIAA,"ice_cream_shop, dessert_shop, confectionery, food_store, store, food, point_of_interest, establishment",restaurante griego Bogotá,Usaquén
097,ChIJO3iFxHGbP44RW3DSCRC942M,Gyros Street,"Cl. 73 #9-42, Bogotá, Colombia",4.6574446,-74.05652529999999,4.7,11.0,https://maps.google.com/?cid=7197804506050097243&g_mp=Cidnb29nbGUubWFwcy5wbGFjZXMudjEuUGxhY2VzLlNlYXJjaFRleHQQAhgEIAA,"restaurant, food, point_of_interest, establishment",restaurante griego Bogotá,
098,ChIJmdsARQCbP44RM9TlWYRq1Y0,Caserta Pizzeria - Trattoria,"Cl. 95 #68c-15, Bogotá, Colombia",4.6880423,-74.0774665,5.0,9.0,https://maps.google.com/?cid=10220192046063670323&g_mp=Cidnb29nbGUubWFwcy5wbGFjZXMudjEuUGxhY2VzLlNlYXJjaFRleHQQAhgEIAA,"italian_restaurant, restaurant, food, point_of_interest, establishment",trattoria Bogotá,
099,ChIJ-xJYpuqaP44RM8uhEIjsc-M,Gaviero Tapas Y Bar,"Ac 100 #1973 a 19a-97, Bogotá, Colombia",4.6859608,-74.0544354,4.5,8.0,https://maps.google.com/?cid=16389703538070113075&g_mp=Cidnb29nbGUubWFwcy5wbGFjZXMudjEuUGxhY2VzLlNlYXJjaFRleHQQAhgEIAA,"bar, restaurant, food, point_of_interest, establishment",tapas bar Bogotá,
100,ChIJO5G9Yw2bP44RIp2YWji8r1A,Chinita Bar de Tapas,"Ac 116 #53 - 26, Bogotá, Colombia",4.7008947,-74.062409,5.0,7.0,https://maps.google.com/?cid=5814072594182741282&g_mp=Cidnb29nbGUubWFwcy5wbGFjZXMudjEuUGxhY2VzLlNlYXJjaFRleHQQAhgEIAA,"bar, restaurant, food, point_of_interest, establishment",tapas bar Bogotá,
101,ChIJc8OWfQCbP44RNOmbuVdX9QQ,Restaurante Mediterraneo at Casa Dann Carlton,"Cl 93b, Bogotá, Colombia",4.6805848999999995,-74.0547874,4.8,5.0,https://maps.google.com/?cid=357287779733596468&g_mp=Cidnb29nbGUubWFwcy5wbGFjZXMudjEuUGxhY2VzLlNlYXJjaFRleHQQAhgEIAA,"mediterranean_restaurant, restaurant, food, point_of_interest, establishment",mediterranean food Bogotá,
102,ChIJodhLV-ebP44RI4__6hCQglA,Cappelletti trattoria,"111211, Barrios Unidos, Bogotá, Colombia",4.6847275999999995,-74.0617523,3.5,4.0,https://maps.google.com/?cid=5801357672343113507&g_mp=Cidnb29nbGUubWFwcy5wbGFjZXMudjEuUGxhY2VzLlNlYXJjaFRleHQQAhgEIAA,"italian_restaurant, restaurant, food, point_of_interest, establishment",trattoria Bogotá,Barrios Unidos
103,ChIJYcvAkfSaP44RJU51MrfeBek,Gyropolys,"Ac. 85 #15-38, Chapinero, Bogotá, Colombia",4.6704482,-74.05560249999999,3.0,3.0,https://maps.google.com/?cid=16791071664127692325&g_mp=Cidnb29nbGUubWFwcy5wbGFjZXMudjEuUGxhY2VzLlNlYXJjaFRleHQQAhgEIAA,"greek_restaurant, restaurant, food, point_of_interest, establishment",restaurante griego Bogotá,Chapinero
104,ChIJgXjAWK-ZP44RAzOm6mqv-U4,Restaurante & Bar De Tapas,"Cra. 2 #12-48, La Candelaria, Bogotá, Colombia",4.5968137,-74.069988,4.3,3.0,https://maps.google.com/?cid=5690772477897487107&g_mp=Cidnb29nbGUubWFwcy5wbGFjZXMudjEuUGxhY2VzLlNlYXJjaFRleHQQAhgEIAA,"food, point_of_interest, establishment",tapas bar Bogotá,La Candelaria
105,ChIJWeX6HQCFP44RXq0eaRhagzY,Teo estiatorio,"Carrera 19 #114-16, Bogotá, Colombia",4.7284979,-74.0648666,,,https://maps.google.com/?cid=3928082360886537566&g_mp=Cidnb29nbGUubWFwcy5wbGFjZXMudjEuUGxhY2VzLlNlYXJjaFRleHQQAhgEIAA,"greek_restaurant, restaurant, food, point_of_interest, establishment",restaurante griego Bogotá,
